{"cameraMode":{"drawMode":0,"name":"Shaded","section":"Shading Mode"},"sceneLighting":true,"audioPlay":false,"sceneViewState":{"showFog":true,"showMaterialUpdate":false,"showSkybox":true,"showFlares":true,"showImageEffects":true,"showParticleSystems":true,"showVisualEffectGraphs":true,"m_FxEnabled":true},"in2DMode":false,"pivot":{"x":-0.14000892639160157,"y":0.03614330291748047,"z":-0.6611553430557251},"rotation":{"x":-0.37529489398002627,"y":0.5752266049385071,"z":-0.3345743715763092,"w":-0.6452367901802063},"size":2.310622215270996,"orthographic":false}